CREATE TABLE BANCO(
    CODIGO CHAR(4) PRIMARY KEY NOT NULL,
    NOME VARCHAR2(50) UNIQUE NOT NULL
);

CREATE SEQUENCE PAIS_SEQ;

CREATE TABLE PAIS(
    ID_PAIS INT PRIMARY KEY NOT NULL,
    NOME VARCHAR2(50) UNIQUE NOT NULL
);

CREATE SEQUENCE ESTADO_SEQ;

CREATE TABLE ESTADO(
    ID_ESTADO INT PRIMARY KEY NOT NULL,
    ID_PAIS INT NOT NULL,
    NOME VARCHAR2(50) UNIQUE NOT NULL,
    CONSTRAINT FK_ID_PAIS FOREIGN KEY ( ID_PAIS ) REFERENCES PAIS( ID_PAIS )
);

CREATE SEQUENCE CIDADE_SEQ
    START WITH 1
    INCREMENT BY 1
    NOCYCLE;

CREATE TABLE CIDADE(
    ID_CIDADE INT NOT NULL,
    ID_ESTADO INT NOT NULL,
    NOME VARCHAR2(50) NOT NULL,
    CONSTRAINT PK_ID_CIDADE_ESTADO PRIMARY KEY ( ID_CIDADE, ID_ESTADO ),
    CONSTRAINT FK_ID_ESTADO FOREIGN KEY ( ID_ESTADO ) REFERENCES ESTADO( ID_ESTADO )
);

CREATE SEQUENCE BAIRRO_SEQ
    START WITH 1
    INCREMENT BY 1
    NOCYCLE;

CREATE TABLE BAIRRO(
    ID_BAIRRO INT NOT NULL,
    ID_CIDADE INT NOT NULL,
    ID_ESTADO INT NOT NULL,
    NOME VARCHAR2(50) NOT NULL,
    CONSTRAINT PK_ID_BAIRRO_CIDADE PRIMARY KEY ( ID_BAIRRO, ID_CIDADE ),
    CONSTRAINT FK_ID_CIDADE_ESTADO FOREIGN KEY ( ID_CIDADE, ID_ESTADO ) REFERENCES CIDADE( ID_CIDADE, ID_ESTADO )
);

CREATE SEQUENCE ENDERECO_SEQ
    START WITH 1
    INCREMENT BY 1
    NOCYCLE;

CREATE TABLE ENDERECO(
    ID_ENDERECO INT NOT NULL,
    ID_BAIRRO INT NOT NULL,
    ID_CIDADE INT NOT NULL,
    LOGRADOURO VARCHAR2(255) NOT NULL,
    NUMERO INT NOT NULL,
    COMPLEMENTO VARCHAR2(100) NULL,
    CEP CHAR(9) NULL,
    CONSTRAINT PK_ID_ENDERECO PRIMARY KEY ( ID_ENDERECO ),
    CONSTRAINT FK_ID_BAIRRO_CIDADE FOREIGN KEY ( ID_BAIRRO, ID_CIDADE ) REFERENCES BAIRRO( ID_BAIRRO, ID_CIDADE )
);

CREATE TABLE AGENCIA(
    CODIGO CHAR(6) NOT NULL,
    ID_BANCO CHAR(4) NOT NULL,
    ID_ENDERECO INT NOT NULL,
    NOME VARCHAR2(100) NOT NULL,
    CONSTRAINT PK_CODIGO_ID_BANCO PRIMARY KEY ( CODIGO, ID_BANCO ),
    CONSTRAINT FK_ID_BANCO FOREIGN KEY ( ID_BANCO ) REFERENCES BANCO( CODIGO ),
    CONSTRAINT FK_ID_ENDERECO FOREIGN KEY ( ID_ENDERECO ) REFERENCES ENDERECO( ID_ENDERECO )
);

CREATE SEQUENCE CONSOLIDACAO_SEQ
    START WITH 1
    INCREMENT BY 1
    NOCYCLE;

CREATE TABLE CONSOLIDACAO(
    ID_CONSOLIDACAO INT NOT NULL,
    FK_CODIGO CHAR(6) NOT NULL,
    ID_BANCO CHAR(4) NOT NULL,
    SALDO_ATUAL DECIMAL(18,2) NOT NULL,
    SAQUES DECIMAL(18,2) NOT NULL,
    DEPOSITOS DECIMAL(18,2) NOT NULL,
    NUMERO_CORRENTISTA INT NOT NULL,
    CONSTRAINT PK_ID_CONSOLIDACAO PRIMARY KEY ( ID_CONSOLIDACAO ),
    CONSTRAINT FK_CODIGO_ID_BANCO FOREIGN KEY ( FK_CODIGO, ID_BANCO ) REFERENCES AGENCIA( CODIGO, ID_BANCO )
);

CREATE TABLE TIPO_CONTA(
    ID_TIPO_CONTA INT NOT NULL,
    NOME VARCHAR2(20) NOT NULL,
    CONSTRAINT PK_ID_TIPO_CONTA PRIMARY KEY ( ID_TIPO_CONTA )
);

CREATE TABLE CONTA(
    CODIGO INT NOT NULL,
    CODIGO_AGENCIA CHAR(6) NOT NULL,
    ID_BANCO CHAR(4) NOT NULL,
    TIPO_CONTA INT NOT NULL,
    SALDO DECIMAL(18,2) DEFAULT 0.0 NOT NULL,
    CONSTRAINT PK_CODIGO PRIMARY KEY ( CODIGO ),
    CONSTRAINT FK_TIPO_CONTA FOREIGN KEY ( TIPO_CONTA ) REFERENCES TIPO_CONTA( ID_TIPO_CONTA ),
    CONSTRAINT FK_CODIGO_AGENCIA FOREIGN KEY ( CODIGO_AGENCIA, ID_BANCO ) REFERENCES AGENCIA( CODIGO, ID_BANCO )
);

CREATE SEQUENCE MOVIMENTACOES_SEQ
    START WITH 1
    INCREMENT BY 1
    NOCYCLE;

CREATE TABLE MOVIMENTACOES(
    ID_MOVIMENTACOES INT PRIMARY KEY NOT NULL,
    CODIGO INT NOT NULL,
    TIPO VARCHAR2(10) CHECK( TIPO IN ('DÉBITO', 'CRÉDITO') ),
    VALOR DECIMAL(18,2) NOT NULL,
    CONSTRAINT FK_CODIGO_CONTA FOREIGN KEY ( CODIGO ) REFERENCES CONTA( CODIGO )
);

CREATE TABLE CLIENTE(
    CPF CHAR(14) NOT NULL,
    NOME VARCHAR2(100) NOT NULL,
    DATA_NASCIMENTO CHAR(10) NOT NULL,
    ESTADO_CIVIL VARCHAR2(20) CHECK( ESTADO_CIVIL IN ('SOLTEIRO', 'CASADO', 'DIVORCIADO', 'UNIÃO ESTÁVEL', 'VIÚVO') ),
    CONSTRAINT PK_CPF_CLIENTE PRIMARY KEY ( CPF )
);

CREATE TABLE CLIENTE_X_ENDERECO(
    ID_CLIENTE CHAR(14) NOT NULL,
    ID_ENDERECO INT NOT NULL,
    CONSTRAINT PK_ID_CLIENTE_ENDERECO PRIMARY KEY ( ID_CLIENTE, ID_ENDERECO ),
    CONSTRAINT FK_ID_ENDERECO_2 FOREIGN KEY ( ID_ENDERECO ) REFERENCES ENDERECO( ID_ENDERECO ),
    CONSTRAINT FK_ID_CLIENTE FOREIGN KEY ( ID_CLIENTE ) REFERENCES CLIENTE( CPF )
);

CREATE TABLE CLIENTE_X_CONTA(
    ID_CLIENTE CHAR(14) NOT NULL,
    CODIGO INT NOT NULL,
    ID_BANCO CHAR(4) NOT NULL,
    TIPO_CONTA INT NOT NULL,
    CONSTRAINT PK_CLIENTE_BANCO_TIPO PRIMARY KEY ( ID_CLIENTE, ID_BANCO, TIPO_CONTA ),
    CONSTRAINT FK_ID_BANCO_2 FOREIGN KEY ( ID_BANCO ) REFERENCES BANCO( CODIGO ),
    CONSTRAINT FK_CODIGO_CONTA_2 FOREIGN KEY ( CODIGO ) REFERENCES CONTA( CODIGO ),
    CONSTRAINT FK_TIPO_CONTA_2 FOREIGN KEY ( TIPO_CONTA ) REFERENCES TIPO_CONTA( ID_TIPO_CONTA ),
    CONSTRAINT FK_ID_CLIENTE_2 FOREIGN KEY ( ID_CLIENTE ) REFERENCES CLIENTE( CPF )
);

CREATE TABLE GERENTE(
    CPF CHAR(14) NOT NULL,
    FK_CODIGO CHAR(6) NOT NULL,
    ID_BANCO CHAR(4) NOT NULL,
    CODIGO_FUNCIONARIO INT NOT NULL,
    TIPO_GERENTE CHAR(2) CHECK( TIPO_GERENTE IN ('GC', 'GG') ), 
    CONSTRAINT PK_CPF_GERENTE PRIMARY KEY ( CPF ),
    CONSTRAINT FK_ID_CLIENTE_3 FOREIGN KEY ( CPF ) REFERENCES CLIENTE( CPF ),
    CONSTRAINT FK_CODIGO_ID_BANCO_2 FOREIGN KEY ( FK_CODIGO, ID_BANCO ) REFERENCES AGENCIA( CODIGO, ID_BANCO )
);

CREATE TABLE GERENTE_X_CONTA(
    CPF CHAR(14) NOT NULL,
    CODIGO INT NOT NULL,
    CONSTRAINT PK_CPF_CODIGO_CONTA PRIMARY KEY ( CPF, CODIGO ),
    CONSTRAINT FK_CODIGO_CONTA_3 FOREIGN KEY ( CODIGO ) REFERENCES CONTA( CODIGO ),
    CONSTRAINT FK_ID_CLIENTE_4 FOREIGN KEY ( CPF ) REFERENCES CLIENTE( CPF )
);



-- inserts do banco

INSERT INTO BANCO (CODIGO, NOME)
VALUES ('011', 'Banco Alfa');

INSERT INTO BANCO (CODIGO, NOME)
VALUES ('241', 'Banco Beta');

INSERT INTO BANCO (CODIGO, NOME)
VALUES ('307', 'Banco Omega');

-- inserts no pais
INSERT INTO PAIS (ID_PAIS, NOME) 
VALUES ( PAIS_SEQ.Nextval, 'BRASIL');

INSERT INTO PAIS (ID_PAIS, NOME) 
VALUES ( PAIS_SEQ.Nextval, 'EUA');

INSERT INTO PAIS (ID_PAIS, NOME) 
VALUES ( PAIS_SEQ.Nextval, 'England');

INSERT INTO PAIS (ID_PAIS, NOME) 
VALUES ( PAIS_SEQ.Nextval, 'Argentina');

-- inserts no estado
INSERT INTO ESTADO (ID_ESTADO, ID_PAIS, NOME) 
VALUES ( ESTADO_SEQ.Nextval, 1, 'NA');

INSERT INTO ESTADO (ID_ESTADO, ID_PAIS, NOME) 
VALUES ( ESTADO_SEQ.Nextval, 2, 'California');

INSERT INTO ESTADO (ID_ESTADO, ID_PAIS, NOME) 
VALUES ( ESTADO_SEQ.Nextval, 3, 'Boroughs');

INSERT INTO ESTADO (ID_ESTADO, ID_PAIS, NOME) 
VALUES ( ESTADO_SEQ.Nextval, 1, 'São Paulo');

INSERT INTO ESTADO (ID_ESTADO, ID_PAIS, NOME) 
VALUES ( ESTADO_SEQ.Nextval, 4, 'Buenos Aires');

-- inserts no cidade
INSERT INTO CIDADE (ID_CIDADE, ID_ESTADO, NOME) 
VALUES ( CIDADE_SEQ.Nextval, 1, 'NA');

INSERT INTO CIDADE (ID_CIDADE, ID_ESTADO, NOME) 
VALUES ( CIDADE_SEQ.Nextval, 2, 'San Francisco');

INSERT INTO CIDADE (ID_CIDADE, ID_ESTADO, NOME) 
VALUES ( CIDADE_SEQ.Nextval, 3, 'Londres');

INSERT INTO CIDADE (ID_CIDADE, ID_ESTADO, NOME) 
VALUES ( CIDADE_SEQ.Nextval, 4, 'Itu');

INSERT INTO CIDADE (ID_CIDADE, ID_ESTADO, NOME) 
VALUES ( CIDADE_SEQ.Nextval, 5, 'Buenos Aires');

-- inserts no bairro
INSERT INTO BAIRRO (ID_BAIRRO, ID_CIDADE, ID_ESTADO, NOME) 
VALUES ( BAIRRO_SEQ.Nextval, 1, 1, 'NA');

INSERT INTO BAIRRO (ID_BAIRRO, ID_CIDADE, ID_ESTADO, NOME) 
VALUES ( BAIRRO_SEQ.Nextval, 2, 2, 'Between Hyde and Powell Strets');

INSERT INTO BAIRRO (ID_BAIRRO, ID_CIDADE, ID_ESTADO, NOME) 
VALUES ( BAIRRO_SEQ.Nextval, 3, 3, 'Croydon');

INSERT INTO BAIRRO (ID_BAIRRO, ID_CIDADE, ID_ESTADO, NOME) 
VALUES ( BAIRRO_SEQ.Nextval, 4, 4, 'Qualquer');

INSERT INTO BAIRRO (ID_BAIRRO, ID_CIDADE, ID_ESTADO, NOME) 
VALUES ( BAIRRO_SEQ.Nextval, 5, 5, 'Caminito');


-- inserts do endereço
INSERT INTO ENDERECO (ID_ENDERECO, ID_BAIRRO, ID_CIDADE, LOGRADOURO, NUMERO, COMPLEMENTO, CEP)
VALUES (ENDERECO_SEQ.Nextval, 1, 1, 'Rua Testando', '55', 'Loja 1', '74483-112');

INSERT INTO ENDERECO (ID_ENDERECO, ID_BAIRRO, ID_CIDADE, LOGRADOURO, NUMERO, COMPLEMENTO, CEP)
VALUES (ENDERECO_SEQ.Nextval, 2, 2, 'Rua Testing', '122', 'NA', '88048-412');

INSERT INTO ENDERECO (ID_ENDERECO, ID_BAIRRO, ID_CIDADE, LOGRADOURO, NUMERO, COMPLEMENTO, CEP)
VALUES (ENDERECO_SEQ.Nextval, 3, 3, 'Rua Tesing', '525', 'NA', '58416-050');

INSERT INTO ENDERECO (ID_ENDERECO, ID_BAIRRO, ID_CIDADE, LOGRADOURO, NUMERO, COMPLEMENTO, CEP)
VALUES (ENDERECO_SEQ.Nextval, 1, 1, 'Rua Testando', '55', 'Loja 2', '57073-377');

INSERT INTO ENDERECO (ID_ENDERECO, ID_BAIRRO, ID_CIDADE, LOGRADOURO, NUMERO, COMPLEMENTO, CEP)
VALUES (ENDERECO_SEQ.Nextval, 1, 1, 'Rua Testando', '55', 'Loja 3', '79051-810');

INSERT INTO ENDERECO (ID_ENDERECO, ID_BAIRRO, ID_CIDADE, LOGRADOURO, NUMERO, COMPLEMENTO, CEP)
VALUES (ENDERECO_SEQ.Nextval, 4, 4, 'Rua do meio', '2233', 'NA', '79070-455');

INSERT INTO ENDERECO (ID_ENDERECO, ID_BAIRRO, ID_CIDADE, LOGRADOURO, NUMERO, COMPLEMENTO, CEP)
VALUES (ENDERECO_SEQ.Nextval, 5, 5, 'Rua do boca', '222', 'NA', '29178-678');

-- inserts agencia
INSERT INTO AGENCIA (CODIGO, ID_BANCO, ID_ENDERECO, NOME)
VALUES ('0001', '011', '1', 'Web');

INSERT INTO AGENCIA (CODIGO, ID_BANCO, ID_ENDERECO, NOME)
VALUES ('0002', '011', '2', 'California');

INSERT INTO AGENCIA (CODIGO, ID_BANCO, ID_ENDERECO, NOME)
VALUES ('0101', '011', '3', 'Londres');

INSERT INTO AGENCIA (CODIGO, ID_BANCO, ID_ENDERECO, NOME)
VALUES ('0001', '241', '4', 'Web');

INSERT INTO AGENCIA (CODIGO, ID_BANCO, ID_ENDERECO, NOME)
VALUES ('0001', '307', '5', 'Web');

INSERT INTO AGENCIA (CODIGO, ID_BANCO, ID_ENDERECO, NOME)
VALUES ('8761', '307', '6', 'Itu');

INSERT INTO AGENCIA (CODIGO, ID_BANCO, ID_ENDERECO, NOME)
VALUES ('4567', '307', '7', 'Hermana');

-- inserts TIPO_CONTA
INSERT INTO TIPO_CONTA(ID_TIPO_CONTA, NOME)
VALUES('1', 'PJ');

INSERT INTO TIPO_CONTA(ID_TIPO_CONTA, NOME)
VALUES('2', 'PF');

INSERT INTO TIPO_CONTA(ID_TIPO_CONTA, NOME)
VALUES('3', 'CONJ');

INSERT INTO TIPO_CONTA(ID_TIPO_CONTA, NOME)
VALUES('4', 'INVEST');

-- inserts clientes
INSERT INTO Cliente(CPF, NOME, DATA_NASCIMENTO, ESTADO_CIVIL)
VALUES('77020-048', 'João', '29/11/1992', 'SOLTEIRO');

INSERT INTO Cliente(CPF, NOME, DATA_NASCIMENTO, ESTADO_CIVIL)
VALUES('41750-045', 'José', '03/11/1993', 'CASADO');

INSERT INTO Cliente(CPF, NOME, DATA_NASCIMENTO, ESTADO_CIVIL)
VALUES('78099-205', 'Maria', '02/10/1985', 'DIVORCIADO');

INSERT INTO Cliente(CPF, NOME, DATA_NASCIMENTO, ESTADO_CIVIL)
VALUES('78099-204', 'Ana', '01/09/1986', 'SOLTEIRO');

INSERT INTO Cliente(CPF, NOME, DATA_NASCIMENTO, ESTADO_CIVIL)
VALUES('78099-203', 'Paula', '30/08/1969', 'DIVORCIADO');

INSERT INTO Cliente(CPF, NOME, DATA_NASCIMENTO, ESTADO_CIVIL)
VALUES('78099-202', 'Paulo', '29/07/1994', 'CASADO');

INSERT INTO Cliente(CPF, NOME, DATA_NASCIMENTO, ESTADO_CIVIL)
VALUES('78099-201', 'Manuel', '28/06/1995', 'SOLTEIRO');

INSERT INTO Cliente(CPF, NOME, DATA_NASCIMENTO, ESTADO_CIVIL)
VALUES('78098-201', 'Manuela', '27/06/1996', 'SOLTEIRO');

INSERT INTO Cliente(CPF, NOME, DATA_NASCIMENTO, ESTADO_CIVIL)
VALUES('78097-204', 'Luis', '26/10/1958', 'SOLTEIRO');

INSERT INTO Cliente(CPF, NOME, DATA_NASCIMENTO, ESTADO_CIVIL)
VALUES('78096-204', 'Luisa', '25/06/1989', 'DIVORCIADO');

INSERT INTO Cliente(CPF, NOME, DATA_NASCIMENTO, ESTADO_CIVIL)
VALUES('78095-204', 'Flavio', '24/10/1998', 'CASADO');

INSERT INTO Cliente(CPF, NOME, DATA_NASCIMENTO, ESTADO_CIVIL)
VALUES('78094-204', 'Flavia', '23/10/1971', 'SOLTEIRO');

INSERT INTO Cliente(CPF, NOME, DATA_NASCIMENTO, ESTADO_CIVIL)
VALUES('78093-204', 'Cristian', '22/05/1978', 'CASADO');

INSERT INTO Cliente(CPF, NOME, DATA_NASCIMENTO, ESTADO_CIVIL)
VALUES('78092-204', 'Cristiane', '21/04/1979', 'DIVORCIADO');

INSERT INTO Cliente(CPF, NOME, DATA_NASCIMENTO, ESTADO_CIVIL)
VALUES('78091-204', 'Daniela', '20/03/1981', 'CASADO');

INSERT INTO Cliente(CPF, NOME, DATA_NASCIMENTO, ESTADO_CIVIL)
VALUES('78089-204', 'Daniela', '19/02/1982', 'DIVORCIADO');

INSERT INTO Cliente(CPF, NOME, DATA_NASCIMENTO, ESTADO_CIVIL)
VALUES('78079-204', 'Renato', '18/01/1981', 'CASADO');

INSERT INTO Cliente(CPF, NOME, DATA_NASCIMENTO, ESTADO_CIVIL)
VALUES('78069-204', 'Renata', '17/01/1983', 'SOLTEIRO');

INSERT INTO Cliente(CPF, NOME, DATA_NASCIMENTO, ESTADO_CIVIL)
VALUES('78059-204', 'Saulo', '16/02/1980', 'SOLTEIRO');

INSERT INTO Cliente(CPF, NOME, DATA_NASCIMENTO, ESTADO_CIVIL)
VALUES('78049-204', 'Karen', '15/03/1984', 'SOLTEIRO');

INSERT INTO Cliente(CPF, NOME, DATA_NASCIMENTO, ESTADO_CIVIL)
VALUES('78039-204', 'Kevin', '14/04/1985', 'SOLTEIRO');

INSERT INTO Cliente(CPF, NOME, DATA_NASCIMENTO, ESTADO_CIVIL)
VALUES('78029-204', 'Romulo', '14/05/1970', 'CASADO');

INSERT INTO Cliente(CPF, NOME, DATA_NASCIMENTO, ESTADO_CIVIL)
VALUES('78019-204', 'Erick', '13/06/1986', 'DIVORCIADO');

INSERT INTO Cliente(CPF, NOME, DATA_NASCIMENTO, ESTADO_CIVIL)
VALUES('78999-204', 'Mariane', '12/07/1987', 'UNIÃO ESTÁVEL');

INSERT INTO Cliente(CPF, NOME, DATA_NASCIMENTO, ESTADO_CIVIL)
VALUES('78899-204', 'Poliana', '11/08/1988', 'SOLTEIRO');

INSERT INTO Cliente(CPF, NOME, DATA_NASCIMENTO, ESTADO_CIVIL)
VALUES('78799-204', 'Charles', '10/09/1974', 'SOLTEIRO');

INSERT INTO Cliente(CPF, NOME, DATA_NASCIMENTO, ESTADO_CIVIL)
VALUES('78699-204', 'Andreisson', '09/10/1975', 'CASADO');

INSERT INTO Cliente(CPF, NOME, DATA_NASCIMENTO, ESTADO_CIVIL)
VALUES('78599-204', 'Andre', '08/11/1954', 'SOLTEIRO');

INSERT INTO Cliente(CPF, NOME, DATA_NASCIMENTO, ESTADO_CIVIL)
VALUES('78499-204', 'Guilherme', '07/12/1943', 'VIÚVO');

INSERT INTO Cliente(CPF, NOME, DATA_NASCIMENTO, ESTADO_CIVIL)
VALUES('78399-204', 'Cibele', '06/12/1989', 'SOLTEIRO');

-- gerentes
INSERT INTO Cliente(CPF, NOME, DATA_NASCIMENTO, ESTADO_CIVIL)
VALUES('77399-204', 'Alice Braga', '06/06/1989', 'SOLTEIRO');

INSERT INTO Cliente(CPF, NOME, DATA_NASCIMENTO, ESTADO_CIVIL)
VALUES('76399-204', 'Maria Alice', '07/07/1975', 'VIÚVO');

INSERT INTO Cliente(CPF, NOME, DATA_NASCIMENTO, ESTADO_CIVIL)
VALUES('75399-204', 'Carlos Daniel', '08/08/1974', 'CASADO');

INSERT INTO Cliente(CPF, NOME, DATA_NASCIMENTO, ESTADO_CIVIL)
VALUES('74399-204', 'Maria Joaquina', '09/09/1971', 'SOLTEIRO');

INSERT INTO Cliente(CPF, NOME, DATA_NASCIMENTO, ESTADO_CIVIL)
VALUES('73399-204', 'Luis Fernando', '10/10/1985', 'VIÚVO');

INSERT INTO Cliente(CPF, NOME, DATA_NASCIMENTO, ESTADO_CIVIL)
VALUES('72399-204', 'Fernando Henrique', '15/11/1984', 'DIVORCIADO');

INSERT INTO Cliente(CPF, NOME, DATA_NASCIMENTO, ESTADO_CIVIL)
VALUES('71399-204', 'Celso Daniel', '16/12/1987', 'CASADO');

-- inserts clientesXendereços
INSERT INTO CLIENTE_X_ENDERECO(ID_CLIENTE, ID_ENDERECO) VALUES('77020-048', '2');

INSERT INTO CLIENTE_X_ENDERECO(ID_CLIENTE, ID_ENDERECO) VALUES('41750-045', '5');

INSERT INTO CLIENTE_X_ENDERECO(ID_CLIENTE, ID_ENDERECO) VALUES('78099-205', '1');

INSERT INTO CLIENTE_X_ENDERECO(ID_CLIENTE, ID_ENDERECO) VALUES('78099-204', '5');

INSERT INTO CLIENTE_X_ENDERECO(ID_CLIENTE, ID_ENDERECO) VALUES('78099-203', '7');

INSERT INTO CLIENTE_X_ENDERECO(ID_CLIENTE, ID_ENDERECO) VALUES('78099-202', '5');

INSERT INTO CLIENTE_X_ENDERECO(ID_CLIENTE, ID_ENDERECO) VALUES('78099-201', '3');

INSERT INTO CLIENTE_X_ENDERECO(ID_CLIENTE, ID_ENDERECO) VALUES('78098-201', '7');

INSERT INTO CLIENTE_X_ENDERECO(ID_CLIENTE, ID_ENDERECO) VALUES('78097-204', '1');

INSERT INTO CLIENTE_X_ENDERECO(ID_CLIENTE, ID_ENDERECO) VALUES('78096-204', '7');

INSERT INTO CLIENTE_X_ENDERECO(ID_CLIENTE, ID_ENDERECO) VALUES('78095-204', '3');

INSERT INTO CLIENTE_X_ENDERECO(ID_CLIENTE, ID_ENDERECO) VALUES('78094-204', '6');

INSERT INTO CLIENTE_X_ENDERECO(ID_CLIENTE, ID_ENDERECO) VALUES('78093-204', '6');

INSERT INTO CLIENTE_X_ENDERECO(ID_CLIENTE, ID_ENDERECO) VALUES('78092-204', '2');

INSERT INTO CLIENTE_X_ENDERECO(ID_CLIENTE, ID_ENDERECO) VALUES('78091-204', '2');

INSERT INTO CLIENTE_X_ENDERECO(ID_CLIENTE, ID_ENDERECO) VALUES('78089-204', '1');

INSERT INTO CLIENTE_X_ENDERECO(ID_CLIENTE, ID_ENDERECO) VALUES('78079-204', '3');

INSERT INTO CLIENTE_X_ENDERECO(ID_CLIENTE, ID_ENDERECO) VALUES('78069-204', '2');

INSERT INTO CLIENTE_X_ENDERECO(ID_CLIENTE, ID_ENDERECO) VALUES('78059-204', '6');

INSERT INTO CLIENTE_X_ENDERECO(ID_CLIENTE, ID_ENDERECO) VALUES('78049-204', '4');

INSERT INTO CLIENTE_X_ENDERECO(ID_CLIENTE, ID_ENDERECO) VALUES('78039-204', '5');

INSERT INTO CLIENTE_X_ENDERECO(ID_CLIENTE, ID_ENDERECO) VALUES('78029-204', '2');

INSERT INTO CLIENTE_X_ENDERECO(ID_CLIENTE, ID_ENDERECO) VALUES('78019-204', '6');

INSERT INTO CLIENTE_X_ENDERECO(ID_CLIENTE, ID_ENDERECO) VALUES('78999-204', '2');

INSERT INTO CLIENTE_X_ENDERECO(ID_CLIENTE, ID_ENDERECO) VALUES('78899-204', '5');

INSERT INTO CLIENTE_X_ENDERECO(ID_CLIENTE, ID_ENDERECO) VALUES('78799-204', '3');

INSERT INTO CLIENTE_X_ENDERECO(ID_CLIENTE, ID_ENDERECO) VALUES('78699-204', '3');

INSERT INTO CLIENTE_X_ENDERECO(ID_CLIENTE, ID_ENDERECO) VALUES('78599-204', '2');

INSERT INTO CLIENTE_X_ENDERECO(ID_CLIENTE, ID_ENDERECO) VALUES('78499-204', '1');

INSERT INTO CLIENTE_X_ENDERECO(ID_CLIENTE, ID_ENDERECO) VALUES('78399-204', '7');

-- inserts endereco gerentes
INSERT INTO CLIENTE_X_ENDERECO(ID_CLIENTE, ID_ENDERECO) VALUES('77399-204', '1');
INSERT INTO CLIENTE_X_ENDERECO(ID_CLIENTE, ID_ENDERECO) VALUES('76399-204', '2');
INSERT INTO CLIENTE_X_ENDERECO(ID_CLIENTE, ID_ENDERECO) VALUES('75399-204', '3');
INSERT INTO CLIENTE_X_ENDERECO(ID_CLIENTE, ID_ENDERECO) VALUES('74399-204', '4');
INSERT INTO CLIENTE_X_ENDERECO(ID_CLIENTE, ID_ENDERECO) VALUES('73399-204', '5');
INSERT INTO CLIENTE_X_ENDERECO(ID_CLIENTE, ID_ENDERECO) VALUES('72399-204', '6');
INSERT INTO CLIENTE_X_ENDERECO(ID_CLIENTE, ID_ENDERECO) VALUES('71399-204', '7');

--inserts gerentes

INSERT INTO GERENTE(CPF, FK_CODIGO, ID_BANCO, CODIGO_FUNCIONARIO, TIPO_GERENTE)
VALUES('77399-204', '0001', '011', '1', 'GC');

INSERT INTO GERENTE(CPF, FK_CODIGO, ID_BANCO, CODIGO_FUNCIONARIO, TIPO_GERENTE)
VALUES('76399-204', '0002', '011', '2', 'GG');

INSERT INTO GERENTE(CPF, FK_CODIGO, ID_BANCO, CODIGO_FUNCIONARIO, TIPO_GERENTE)
VALUES('75399-204', '0101', '011', '3', 'GC');

INSERT INTO GERENTE(CPF, FK_CODIGO, ID_BANCO, CODIGO_FUNCIONARIO, TIPO_GERENTE)
VALUES('74399-204', '0001', '241', '4', 'GG');

INSERT INTO GERENTE(CPF, FK_CODIGO, ID_BANCO, CODIGO_FUNCIONARIO, TIPO_GERENTE)
VALUES('73399-204', '0001', '307', '5', 'GC');

INSERT INTO GERENTE(CPF, FK_CODIGO, ID_BANCO, CODIGO_FUNCIONARIO, TIPO_GERENTE)
VALUES('72399-204', '8761', '307', '6', 'GG');

INSERT INTO GERENTE(CPF, FK_CODIGO, ID_BANCO, CODIGO_FUNCIONARIO, TIPO_GERENTE)
VALUES('71399-204', '4567', '307', '7', 'GC');

-- inserts conta

--banco 011
INSERT INTO CONTA(CODIGO, CODIGO_AGENCIA, ID_BANCO, TIPO_CONTA, SALDO)
VALUES('1', '0001', '011', '1', '10.00');

INSERT INTO CONTA(CODIGO, CODIGO_AGENCIA, ID_BANCO, TIPO_CONTA, SALDO)
VALUES('2', '0001', '011', '1', '1000.00');

INSERT INTO CONTA(CODIGO, CODIGO_AGENCIA, ID_BANCO, TIPO_CONTA, SALDO)
VALUES('3', '0001', '011', '3', '1000.00');

INSERT INTO CONTA(CODIGO, CODIGO_AGENCIA, ID_BANCO, TIPO_CONTA, SALDO)
VALUES('4', '0002', '011', '3', '20.00');

INSERT INTO CONTA(CODIGO, CODIGO_AGENCIA, ID_BANCO, TIPO_CONTA, SALDO)
VALUES('5', '0002', '011', '2', '2500.00');

INSERT INTO CONTA(CODIGO, CODIGO_AGENCIA, ID_BANCO, TIPO_CONTA, SALDO)
VALUES('6', '0002', '011', '1', '500.00');

INSERT INTO CONTA(CODIGO, CODIGO_AGENCIA, ID_BANCO, TIPO_CONTA, SALDO)
VALUES('7', '0101', '011', '3', '30.00');

INSERT INTO CONTA(CODIGO, CODIGO_AGENCIA, ID_BANCO, TIPO_CONTA, SALDO)
VALUES('8', '0101', '011', '2', '2500.00');

INSERT INTO CONTA(CODIGO, CODIGO_AGENCIA, ID_BANCO, TIPO_CONTA, SALDO)
VALUES('9', '0101', '011', '1', '700.00');

INSERT INTO CONTA(CODIGO, CODIGO_AGENCIA, ID_BANCO, TIPO_CONTA, SALDO)
VALUES('10', '0101', '011', '3', '650.00');


--banco 241
INSERT INTO CONTA(CODIGO, CODIGO_AGENCIA, ID_BANCO, TIPO_CONTA, SALDO)
VALUES('11', '0001', '241', '1', '10.00');

INSERT INTO CONTA(CODIGO, CODIGO_AGENCIA, ID_BANCO, TIPO_CONTA, SALDO)
VALUES('12', '0001', '241', '1', '1000.00');

INSERT INTO CONTA(CODIGO, CODIGO_AGENCIA, ID_BANCO, TIPO_CONTA, SALDO)
VALUES('13', '0001', '241', '3', '1000.00');

INSERT INTO CONTA(CODIGO, CODIGO_AGENCIA, ID_BANCO, TIPO_CONTA, SALDO)
VALUES('14', '0001', '241', '3', '20.00');

INSERT INTO CONTA(CODIGO, CODIGO_AGENCIA, ID_BANCO, TIPO_CONTA, SALDO)
VALUES('15', '0001', '241', '2', '2500.00');

INSERT INTO CONTA(CODIGO, CODIGO_AGENCIA, ID_BANCO, TIPO_CONTA, SALDO)
VALUES('16', '0001', '241', '1', '500.00');

INSERT INTO CONTA(CODIGO, CODIGO_AGENCIA, ID_BANCO, TIPO_CONTA, SALDO)
VALUES('17', '0001', '241', '3', '30.00');

INSERT INTO CONTA(CODIGO, CODIGO_AGENCIA, ID_BANCO, TIPO_CONTA, SALDO)
VALUES('18', '0001', '241', '2', '2500.00');

INSERT INTO CONTA(CODIGO, CODIGO_AGENCIA, ID_BANCO, TIPO_CONTA, SALDO)
VALUES('19', '0001', '241', '1', '700.00');

INSERT INTO CONTA(CODIGO, CODIGO_AGENCIA, ID_BANCO, TIPO_CONTA, SALDO)
VALUES('20', '0001', '241', '3', '650.00');


--banco 307
INSERT INTO CONTA(CODIGO, CODIGO_AGENCIA, ID_BANCO, TIPO_CONTA, SALDO)
VALUES('21', '0001', '307', '1', '10.00');

INSERT INTO CONTA(CODIGO, CODIGO_AGENCIA, ID_BANCO, TIPO_CONTA, SALDO)
VALUES('22', '0001', '307', '1', '1000.00');

INSERT INTO CONTA(CODIGO, CODIGO_AGENCIA, ID_BANCO, TIPO_CONTA, SALDO)
VALUES('23', '0001', '307', '3', '1000.00');

INSERT INTO CONTA(CODIGO, CODIGO_AGENCIA, ID_BANCO, TIPO_CONTA, SALDO)
VALUES('24', '8761', '307', '3', '20.00');

INSERT INTO CONTA(CODIGO, CODIGO_AGENCIA, ID_BANCO, TIPO_CONTA, SALDO)
VALUES('25', '8761', '307', '2', '2500.00');

INSERT INTO CONTA(CODIGO, CODIGO_AGENCIA, ID_BANCO, TIPO_CONTA, SALDO)
VALUES('26', '8761', '307', '1', '500.00');

INSERT INTO CONTA(CODIGO, CODIGO_AGENCIA, ID_BANCO, TIPO_CONTA, SALDO)
VALUES('27', '4567', '307', '3', '30.00');

INSERT INTO CONTA(CODIGO, CODIGO_AGENCIA, ID_BANCO, TIPO_CONTA, SALDO)
VALUES('28', '4567', '307', '2', '2500.00');

INSERT INTO CONTA(CODIGO, CODIGO_AGENCIA, ID_BANCO, TIPO_CONTA, SALDO)
VALUES('29', '4567', '307', '1', '700.00');

INSERT INTO CONTA(CODIGO, CODIGO_AGENCIA, ID_BANCO, TIPO_CONTA, SALDO)
VALUES('30', '4567', '307', '3', '650.00');


-- inserts GERENTE_X_CONTA

INSERT INTO GERENTE_X_CONTA(CPF, CODIGO)
VALUES('77399-204', '1');

INSERT INTO GERENTE_X_CONTA(CPF, CODIGO)
VALUES('77399-204', '2');

INSERT INTO GERENTE_X_CONTA(CPF, CODIGO)
VALUES('77399-204', '3');

INSERT INTO GERENTE_X_CONTA(CPF, CODIGO)
VALUES('76399-204', '4');

INSERT INTO GERENTE_X_CONTA(CPF, CODIGO)
VALUES('76399-204', '5');

INSERT INTO GERENTE_X_CONTA(CPF, CODIGO)
VALUES('76399-204', '6');

INSERT INTO GERENTE_X_CONTA(CPF, CODIGO)
VALUES('75399-204', '7');

INSERT INTO GERENTE_X_CONTA(CPF, CODIGO)
VALUES('75399-204', '8');

INSERT INTO GERENTE_X_CONTA(CPF, CODIGO)
VALUES('75399-204', '9');

INSERT INTO GERENTE_X_CONTA(CPF, CODIGO)
VALUES('75399-204', '10');

INSERT INTO GERENTE_X_CONTA(CPF, CODIGO)
VALUES('74399-204', '11');

INSERT INTO GERENTE_X_CONTA(CPF, CODIGO)
VALUES('74399-204', '12');

INSERT INTO GERENTE_X_CONTA(CPF, CODIGO)
VALUES('74399-204', '13');

INSERT INTO GERENTE_X_CONTA(CPF, CODIGO)
VALUES('74399-204', '14');

INSERT INTO GERENTE_X_CONTA(CPF, CODIGO)
VALUES('74399-204', '15');

INSERT INTO GERENTE_X_CONTA(CPF, CODIGO)
VALUES('74399-204', '16');

INSERT INTO GERENTE_X_CONTA(CPF, CODIGO)
VALUES('74399-204', '17');

INSERT INTO GERENTE_X_CONTA(CPF, CODIGO)
VALUES('74399-204', '18');

INSERT INTO GERENTE_X_CONTA(CPF, CODIGO)
VALUES('74399-204', '19');

INSERT INTO GERENTE_X_CONTA(CPF, CODIGO)
VALUES('74399-204', '20');

INSERT INTO GERENTE_X_CONTA(CPF, CODIGO)
VALUES('73399-204', '21');

INSERT INTO GERENTE_X_CONTA(CPF, CODIGO)
VALUES('73399-204', '22');

INSERT INTO GERENTE_X_CONTA(CPF, CODIGO)
VALUES('73399-204', '23');

INSERT INTO GERENTE_X_CONTA(CPF, CODIGO)
VALUES('72399-204', '24');

INSERT INTO GERENTE_X_CONTA(CPF, CODIGO)
VALUES('72399-204', '25');

INSERT INTO GERENTE_X_CONTA(CPF, CODIGO)
VALUES('72399-204', '26');

INSERT INTO GERENTE_X_CONTA(CPF, CODIGO)
VALUES('71399-204', '27');

INSERT INTO GERENTE_X_CONTA(CPF, CODIGO)
VALUES('71399-204', '28');

INSERT INTO GERENTE_X_CONTA(CPF, CODIGO)
VALUES('71399-204', '29');

INSERT INTO GERENTE_X_CONTA(CPF, CODIGO)
VALUES('71399-204', '30');


-- inserts CLIENTE_X_CONTA

-- Banco 011
-- PJ 1
INSERT INTO CLIENTE_X_CONTA(ID_CLIENTE, CODIGO, ID_BANCO, TIPO_CONTA)
VALUES('77020-048', '1', '011', '1');

INSERT INTO CLIENTE_X_CONTA(ID_CLIENTE, CODIGO, ID_BANCO, TIPO_CONTA)
VALUES('41750-045', '1', '011', '1');

INSERT INTO CLIENTE_X_CONTA(ID_CLIENTE, CODIGO, ID_BANCO, TIPO_CONTA)
VALUES('78099-205', '1', '011', '1');

-- PJ 2
INSERT INTO CLIENTE_X_CONTA(ID_CLIENTE, CODIGO, ID_BANCO, TIPO_CONTA)
VALUES('78099-204', '2', '011', '1');

INSERT INTO CLIENTE_X_CONTA(ID_CLIENTE, CODIGO, ID_BANCO, TIPO_CONTA)
VALUES('78099-203', '2', '011', '1');

INSERT INTO CLIENTE_X_CONTA(ID_CLIENTE, CODIGO, ID_BANCO, TIPO_CONTA)
VALUES('78099-202', '2', '011', '1');


-- CC 1
INSERT INTO CLIENTE_X_CONTA(ID_CLIENTE, CODIGO, ID_BANCO, TIPO_CONTA)
VALUES('77020-048', '3', '011', '3');

INSERT INTO CLIENTE_X_CONTA(ID_CLIENTE, CODIGO, ID_BANCO, TIPO_CONTA)
VALUES('41750-045', '3', '011', '3');

-- CC 2

INSERT INTO CLIENTE_X_CONTA(ID_CLIENTE, CODIGO, ID_BANCO, TIPO_CONTA)
VALUES('78099-204', '4', '011', '3');

INSERT INTO CLIENTE_X_CONTA(ID_CLIENTE, CODIGO, ID_BANCO, TIPO_CONTA)
VALUES('78099-203', '4', '011', '3');

-- CC 3
INSERT INTO CLIENTE_X_CONTA(ID_CLIENTE, CODIGO, ID_BANCO, TIPO_CONTA)
VALUES('78099-201', '7', '011', '3');

INSERT INTO CLIENTE_X_CONTA(ID_CLIENTE, CODIGO, ID_BANCO, TIPO_CONTA)
VALUES('78098-201', '7', '011', '3');


-- Outras contas
INSERT INTO CLIENTE_X_CONTA(ID_CLIENTE, CODIGO, ID_BANCO, TIPO_CONTA)
VALUES('78097-204', '5', '011', '2');

INSERT INTO CLIENTE_X_CONTA(ID_CLIENTE, CODIGO, ID_BANCO, TIPO_CONTA)
VALUES('78096-204', '8', '011', '2');


-- Banco 241
-- PJ 1
INSERT INTO CLIENTE_X_CONTA(ID_CLIENTE, CODIGO, ID_BANCO, TIPO_CONTA)
VALUES('78095-204', '11', '241', '1');

INSERT INTO CLIENTE_X_CONTA(ID_CLIENTE, CODIGO, ID_BANCO, TIPO_CONTA)
VALUES('78094-204', '11', '241', '1');

INSERT INTO CLIENTE_X_CONTA(ID_CLIENTE, CODIGO, ID_BANCO, TIPO_CONTA)
VALUES('78093-204', '11', '241', '1');

-- PJ 2
INSERT INTO CLIENTE_X_CONTA(ID_CLIENTE, CODIGO, ID_BANCO, TIPO_CONTA)
VALUES('78092-204', '12', '241', '1');

INSERT INTO CLIENTE_X_CONTA(ID_CLIENTE, CODIGO, ID_BANCO, TIPO_CONTA)
VALUES('78091-204', '12', '241', '1');

INSERT INTO CLIENTE_X_CONTA(ID_CLIENTE, CODIGO, ID_BANCO, TIPO_CONTA)
VALUES('78089-204', '12', '241', '1');


-- CC 1
INSERT INTO CLIENTE_X_CONTA(ID_CLIENTE, CODIGO, ID_BANCO, TIPO_CONTA)
VALUES('78095-204', '13', '241', '3');

INSERT INTO CLIENTE_X_CONTA(ID_CLIENTE, CODIGO, ID_BANCO, TIPO_CONTA)
VALUES('78094-204', '13', '241', '3');

-- CC 2

INSERT INTO CLIENTE_X_CONTA(ID_CLIENTE, CODIGO, ID_BANCO, TIPO_CONTA)
VALUES('78092-204', '14', '241', '3');

INSERT INTO CLIENTE_X_CONTA(ID_CLIENTE, CODIGO, ID_BANCO, TIPO_CONTA)
VALUES('78091-204', '14', '241', '3');

-- CC 3
INSERT INTO CLIENTE_X_CONTA(ID_CLIENTE, CODIGO, ID_BANCO, TIPO_CONTA)
VALUES('78079-204', '17', '241', '3');

INSERT INTO CLIENTE_X_CONTA(ID_CLIENTE, CODIGO, ID_BANCO, TIPO_CONTA)
VALUES('78069-204', '17', '241', '3');


-- Outras contas
INSERT INTO CLIENTE_X_CONTA(ID_CLIENTE, CODIGO, ID_BANCO, TIPO_CONTA)
VALUES('78059-204', '15', '241', '2');

INSERT INTO CLIENTE_X_CONTA(ID_CLIENTE, CODIGO, ID_BANCO, TIPO_CONTA)
VALUES('78049-204', '18', '241', '2');

-- Banco 307
-- PJ 1
INSERT INTO CLIENTE_X_CONTA(ID_CLIENTE, CODIGO, ID_BANCO, TIPO_CONTA)
VALUES('78039-204', '21', '307', '1');

INSERT INTO CLIENTE_X_CONTA(ID_CLIENTE, CODIGO, ID_BANCO, TIPO_CONTA)
VALUES('78029-204', '21', '307', '1');

INSERT INTO CLIENTE_X_CONTA(ID_CLIENTE, CODIGO, ID_BANCO, TIPO_CONTA)
VALUES('78019-204', '21', '307', '1');

-- PJ 2
INSERT INTO CLIENTE_X_CONTA(ID_CLIENTE, CODIGO, ID_BANCO, TIPO_CONTA)
VALUES('78999-204', '22', '307', '1');

INSERT INTO CLIENTE_X_CONTA(ID_CLIENTE, CODIGO, ID_BANCO, TIPO_CONTA)
VALUES('78899-204', '22', '307', '1');

INSERT INTO CLIENTE_X_CONTA(ID_CLIENTE, CODIGO, ID_BANCO, TIPO_CONTA)
VALUES('78799-204', '22', '307', '1');


-- CC 1
INSERT INTO CLIENTE_X_CONTA(ID_CLIENTE, CODIGO, ID_BANCO, TIPO_CONTA)
VALUES('78039-204', '23', '307', '3');

INSERT INTO CLIENTE_X_CONTA(ID_CLIENTE, CODIGO, ID_BANCO, TIPO_CONTA)
VALUES('78029-204', '23', '307', '3');

-- CC 2

INSERT INTO CLIENTE_X_CONTA(ID_CLIENTE, CODIGO, ID_BANCO, TIPO_CONTA)
VALUES('78999-204', '24', '307', '3');

INSERT INTO CLIENTE_X_CONTA(ID_CLIENTE, CODIGO, ID_BANCO, TIPO_CONTA)
VALUES('78899-204', '24', '307', '3');

-- CC 3
INSERT INTO CLIENTE_X_CONTA(ID_CLIENTE, CODIGO, ID_BANCO, TIPO_CONTA)
VALUES('78699-204', '27', '307', '3');

INSERT INTO CLIENTE_X_CONTA(ID_CLIENTE, CODIGO, ID_BANCO, TIPO_CONTA)
VALUES('78599-204', '27', '307', '3');

-- Outras contas
INSERT INTO CLIENTE_X_CONTA(ID_CLIENTE, CODIGO, ID_BANCO, TIPO_CONTA)
VALUES('78499-204', '25', '307', '2');

INSERT INTO CLIENTE_X_CONTA(ID_CLIENTE, CODIGO, ID_BANCO, TIPO_CONTA)
VALUES('78399-204', '28', '307', '2');

-------------------------------- Select 1 --------------------------------
SELECT DISTINCT p.NOME, b.NOME
FROM agencia a
INNER JOIN banco b
	ON b.CODIGO = a.ID_BANCO
INNER JOIN endereco e
	ON a.ID_ENDERECO = e.ID_ENDERECO
INNER JOIN cidade c
	ON e.ID_CIDADE = c.ID_CIDADE
INNER JOIN estado est
	ON est.ID_ESTADO = c.ID_ESTADO
INNER JOIN pais p
	ON p.ID_PAIS = est.ID_PAIS;

-------------------------------- Select 2 --------------------------------
SELECT UNIQUE
    -- agência / cliente
    a.CODIGO CódigoAgência, a.ID_BANCO CódigoBanco, b.NOME NomeDoBanco,
    c.CODIGO, c.TIPO_CONTA,
    cli.CPF CpfCliente, cli.NOME NomeCliente, cli.DATA_NASCIMENTO DataNascimentoCliente, 
	cli.ESTADO_CIVIL EstadoCivilCliente,
    
    -- endereço agência
    ea.COMPLEMENTO ComplementoEndereçoAgência,
	ba.NOME BairroAgência, ca.NOME CidadeAgência, estA.NOME EstadoAgência, 
    pa.NOME PaísAgência, ea.LOGRADOURO LogradouroAgência, 
	ea.NUMERO NúmeroEndereçoAgência, ea.CEP CepAgência, 
    
    -- endereço cliente
    p.NOME PaísCliente, est.NOME EstadoCliente,
	ccli.NOME CidadeCliente, bcli.NOME BairroCliente, e.LOGRADOURO LogradouroCliente, 
	e.NUMERO NúmeroEndereçoCliente, e.COMPLEMENTO ComplementoEndereçoCliente,
	e.CEP CepCliente
FROM AGENCIA a
-- agência
INNER JOIN ENDERECO ea
	ON a.ID_ENDERECO = ea.ID_ENDERECO
INNER JOIN bairro ba
	ON ea.ID_BAIRRO = ba.ID_BAIRRO
INNER JOIN cidade ca
	ON ea.ID_CIDADE = ca.ID_CIDADE
INNER JOIN estado estA
	ON estA.ID_ESTADO = ca.ID_ESTADO
INNER JOIN pais pa
	ON pa.ID_PAIS = estA.ID_PAIS
INNER JOIN BANCO b
	ON a.ID_BANCO = b.CODIGO
INNER JOIN CONTA c
	ON a.CODIGO = c.CODIGO_AGENCIA    
-- cliente	
INNER JOIN CLIENTE_X_CONTA cc
	ON c.CODIGO = cc.CODIGO AND cc.ID_BANCO = a.ID_BANCO
INNER JOIN CLIENTE cli
	ON cli.CPF = cc.ID_CLIENTE	
INNER JOIN CLIENTE_X_ENDERECO ce
	ON cli.CPF = ce.ID_CLIENTE
INNER JOIN ENDERECO e
	ON ce.ID_ENDERECO = e.ID_ENDERECO
INNER JOIN bairro bcli
	ON e.ID_BAIRRO = bcli.ID_BAIRRO
INNER JOIN cidade ccli
	ON e.ID_CIDADE = ccli.ID_CIDADE
INNER JOIN estado est
	ON est.ID_ESTADO = ccli.ID_ESTADO
INNER JOIN pais p
	ON p.ID_PAIS = est.ID_PAIS
ORDER BY cli.CPF, a.CODIGO, a.ID_BANCO;

-------------------------------- Select 3 --------------------------------
SELECT UNIQUE
    cli.CPF CpfCliente, cli.NOME NomeCliente,
    c.CODIGO, c.TIPO_CONTA,    
    cli.DATA_NASCIMENTO DataNascimentoCliente, 
	cli.ESTADO_CIVIL EstadoCivilCliente,
    p.NOME PaísCliente, est.NOME EstadoCliente,
	ccli.NOME CidadeCliente, bcli.NOME BairroCliente, e.LOGRADOURO LogradouroCliente, 
	e.NUMERO NúmeroEndereçoCliente, e.COMPLEMENTO ComplementoEndereçoCliente,
	e.CEP CepCliente
FROM CLIENTE cli    
INNER JOIN CLIENTE_X_CONTA cc
	ON cli.CPF = cc.ID_CLIENTE
INNER JOIN CONTA c
	ON cc.CODIGO = c.CODIGO        
INNER JOIN CLIENTE_X_ENDERECO ce
	ON cli.CPF = ce.ID_CLIENTE
INNER JOIN ENDERECO e
	ON ce.ID_ENDERECO = e.ID_ENDERECO
INNER JOIN bairro bcli
	ON e.ID_BAIRRO = bcli.ID_BAIRRO
INNER JOIN cidade ccli
	ON e.ID_CIDADE = ccli.ID_CIDADE
INNER JOIN estado est
	ON est.ID_ESTADO = ccli.ID_ESTADO
INNER JOIN pais p
	ON p.ID_PAIS = est.ID_PAIS
ORDER BY cli.CPF, c.CODIGO;





